{
    "endocrine_disease": [
        0.8167028311697733,
        0.5345122109266688,
        0.5750280113923723
    ],
    "eye_disease": [
        0.8229959884997893,
        0.5377798588443925,
        0.5116846539139179
    ],
    "cancer_disease": [
        0.8018146927241498,
        0.5534272368506118,
        0.45246098679834906
    ],
    "oral_disease": [
        0.7429581287166294,
        0.5796153285284775,
        0.45151163537788813
    ],
    "nephrological_disease": [
        0.6999831863097125,
        0.5962986391095079,
        0.4508760679513775
    ],
    "gastrointestinal_disease": [
        0.6636007146741986,
        0.6090137395657735,
        0.4503753158506307
    ],
    "ear_disease": [
        0.6287975658687338,
        0.6200811770268797,
        0.44992779333073135
    ],
    "mental_disease": [
        0.591388073866394,
        0.6308812383269636,
        0.4494805115141632
    ],
    "General symptom": [
        0.5456867022526374,
        0.6426617146508851,
        0.4489805987976582
    ],
    "poisoning": [
        0.47974942417114835,
        0.6571819677589695,
        0.44834696208654984
    ],
    "nutritional_disease": [
        0.453450222982081,
        0.6583881730009131,
        0.5056639411778575
    ],
    "skin_disease": [
        0.45873249941491884,
        0.6534946578684273,
        0.5563450802601999
    ],
    "cardiovascular_disease": [
        0.4625171314937809,
        0.6499151234436389,
        0.5897148913862738
    ],
    "injury": [
        0.4656528568267165,
        0.6469017702101729,
        0.6158722621328957
    ],
    "othercauses": [
        0.4685786997751565,
        0.644050472081896,
        0.6392382107530813
    ],
    "infectious_disease": [
        0.47162733131085716,
        0.6410380520912407,
        0.6626493017558827
    ],
    "general_disease": [
        0.4751921303395708,
        0.6374608688020513,
        0.6889594476581863
    ],
    "smell_taste_disease": [
        0.47996894365910864,
        0.6325727354733143,
        0.722652358889203
    ],
    "metabolic_disease": [
        0.4876882343131805,
        0.6244361983159378,
        0.7739392861631831
    ],
    "sleep_disease": [
        0.5488084305285186,
        0.6076467384331902,
        0.7900276497340538
    ],
    "neuronal_disease": [
        0.6110012752629818,
        0.5899770666806218,
        0.7894956434625414
    ],
    "respiratory_disease": [
        0.667953968699639,
        0.5708856210537584,
        0.7889428263360865
    ],
    "pregnancy_disease": [
        0.7272201938931007,
        0.5475718314541174,
        0.7882984221400144
    ],
    "musculoskeletal_disease ": [
        0.7889967977470392,
        0.520219559210844,
        0.7792584362697095
    ],
    "immune_disease": [
        0.7978904724345581,
        0.5247905288755904,
        0.7227360500574506
    ],
    "reproductive_disease": [
        0.804658312482897,
        0.5282797993931335,
        0.6748858956839439
    ],
    "blood_disease": [
        0.8105374844344884,
        0.531318383552688,
        0.6289367529421919
    ],
    "NotLabelled": [
        1,
        1,
        1
    ]
}